Temp,FAR = 0,FAR = 0.01,FAR = 0.02,FAR = 0.03,FAR = 0.04,FAR = 0.05,FAR = 0.06,FAR = 0.07
196.9,1002.3,1006.4,1012.1,1017.4,1021.1,1026.4,1030.9,1036.6
197.27,1002.3,1006.5,1012.1,1017.4,1021.2,1026.5,1031,1036.7
197.44,1002.3,1006.5,1012.2,1017.4,1021.2,1026.5,1031,1036.8
197.94,1002.3,1006.5,1012.2,1017.5,1021.3,1026.6,1031.2,1036.9
197.98,1002.3,1006.5,1012.2,1017.5,1021.3,1026.6,1031.2,1036.9
198.97,1002.3,1006.6,1012.3,1017.5,1021.4,1026.8,1031.4,1037.2
199.98,1002.3,1006.6,1012.4,1017.6,1021.6,1027,1031.7,1037.4
220.98,1002.7,1007.9,1014.2,1018.9,1024.7,1030.6,1036.7,1042.5
221.76,1002.7,1007.9,1014.3,1018.9,1024.9,1030.8,1036.8,1042.7
228.16,1002.8,1008.4,1014.8,1019.7,1025.8,1031.9,1038.2,1044.2
231.45,1002.8,1008.6,1015,1020.1,1026.3,1032.5,1038.8,1045
234.26,1002.9,1008.9,1015.2,1020.5,1026.7,1032.9,1039.4,1045.7
234.8,1002.9,1008.9,1015.3,1020.6,1026.8,1033,1039.5,1045.8
237.43,1003,1009.1,1015.4,1021,1027.2,1033.5,1040,1046.4
241.01,1003,1009.5,1015.7,1021.6,1027.8,1034.1,1040.7,1047.2
250.41,1003.2,1010.4,1016.3,1023,1029.3,1035.7,1042.6,1049.4
250.9,1003.2,1010.4,1016.4,1023.1,1029.4,1035.8,1042.7,1049.5
252.96,1003.3,1010.5,1016.5,1023.3,1029.7,1036.1,1043.2,1050
258.47,1003.4,1010.8,1016.9,1024,1030.7,1037.1,1044.3,1051.3
261.02,1003.5,1010.9,1017.1,1024.2,1031.1,1037.6,1044.9,1051.9
263.51,1003.6,1010.9,1017.2,1024.5,1031.5,1038,1045.5,1052.4
267.85,1003.7,1011.1,1017.6,1024.9,1032.2,1038.8,1046.4,1053.5
275.14,1003.9,1011.4,1018.2,1025.6,1033.4,1040.2,1048.1,1055.2
275.9,1004,1011.4,1018.2,1025.7,1033.5,1040.4,1048.3,1055.3
276.61,1004,1011.4,1018.3,1025.8,1033.6,1040.5,1048.4,1055.5
282.62,1004.2,1011.8,1018.8,1026.5,1034.3,1041.7,1049.7,1057
284.42,1004.3,1011.9,1019,1026.7,1034.5,1042,1050.1,1057.4
292.03,1004.6,1012.5,1019.8,1027.7,1035.6,1043.6,1051.7,1059.3
292.75,1004.7,1012.6,1019.9,1027.8,1035.7,1043.7,1051.9,1059.5
296.9,1004.9,1012.9,1020.3,1028.5,1036.5,1044.6,1052.7,1060.6
302.72,1005.2,1013.4,1021,1029.5,1037.6,1045.8,1053.9,1062.1
305.31,1005.3,1013.6,1021.3,1029.8,1038.1,1046.3,1054.5,1062.7
310.72,1005.6,1014.1,1022,1030.5,1039.2,1047.5,1055.6,1064.1
310.77,1005.6,1014.1,1022,1030.6,1039.3,1047.5,1055.6,1064.1
312.3,1005.7,1014.2,1022.1,1030.7,1039.6,1047.8,1055.9,1064.5
317.91,1006,1014.7,1022.9,1031.5,1040.7,1049,1057.2,1066
318.36,1006.1,1014.8,1022.9,1031.5,1040.8,1049.1,1057.3,1066.1
319.57,1006.1,1014.9,1023.1,1031.7,1041,1049.3,1057.6,1066.4
335.67,1007.3,1016.3,1025.2,1033.9,1043.6,1052.7,1061.2,1070.3
336.28,1007.3,1016.3,1025.3,1034,1043.7,1052.8,1061.4,1070.4
336.45,1007.3,1016.3,1025.3,1034.1,1043.7,1052.9,1061.4,1070.5
336.54,1007.4,1016.3,1025.3,1034.1,1043.7,1052.9,1061.5,1070.5
337.08,1007.4,1016.4,1025.4,1034.1,1043.8,1053,1061.6,1070.6
347.95,1008.3,1017.3,1026.9,1035.7,1045.5,1055.2,1064.1,1073.2
348.81,1008.4,1017.4,1027,1035.8,1045.7,1055.4,1064.3,1073.4
354.99,1008.9,1018,1027.9,1036.9,1046.7,1056.5,1065.8,1075
357.82,1009.2,1018.3,1028.3,1037.5,1047.2,1057,1066.4,1075.7
358.9,1009.3,1018.4,1028.4,1037.7,1047.4,1057.2,1066.7,1076
366.16,1010,1019.2,1029.4,1039.4,1048.7,1058.6,1068.4,1077.9
367.41,1010.2,1019.4,1029.6,1039.6,1048.9,1058.8,1068.7,1078.2
367.8,1010.2,1019.4,1029.7,1039.7,1049,1058.9,1068.7,1078.3
368.9,1010.3,1019.6,1029.8,1039.9,1049.2,1059.1,1069,1078.6
370.81,1010.5,1019.8,1030.1,1040.2,1049.5,1059.5,1069.4,1079.2
381.26,1011.7,1021.3,1031.6,1041.7,1051.6,1061.6,1071.9,1082
384.15,1012,1021.7,1032,1042.1,1052.3,1062.2,1072.5,1082.8
389.69,1012.6,1022.5,1032.8,1042.9,1053.4,1063.5,1073.8,1084.3
390.15,1012.7,1022.6,1032.9,1043,1053.5,1063.7,1073.9,1084.5
392.74,1013,1023,1033.3,1043.4,1054,1064.3,1074.5,1085.2
400.25,1013.9,1024.1,1034.4,1044.7,1055.5,1066.2,1076.3,1087.3
403.54,1014.3,1024.5,1034.9,1045.4,1056.1,1067,1077.1,1088.2
407.52,1014.9,1025.1,1035.6,1046.2,1056.9,1067.8,1078,1089.3
408.76,1015,1025.3,1035.8,1046.4,1057.1,1068.1,1078.4,1089.6
409.06,1015.1,1025.3,1035.8,1046.5,1057.1,1068.1,1078.4,1089.7
409.92,1015.2,1025.4,1035.9,1046.6,1057.3,1068.3,1078.6,1089.9
418.25,1016.3,1026.6,1037.4,1048.3,1059,1069.9,1080.8,1092.2
423.89,1017.1,1027.4,1038.4,1049.5,1060.2,1071.1,1082.3,1093.7
424.74,1017.2,1027.5,1038.5,1049.6,1060.4,1071.3,1082.5,1094
426.3,1017.5,1027.8,1038.8,1050,1060.8,1071.7,1082.9,1094.4
427.52,1017.6,1028,1039.1,1050.2,1061,1072,1083.3,1094.7
428.31,1017.8,1028.1,1039.2,1050.4,1061.2,1072.1,1083.5,1094.9
437.56,1019.2,1029.7,1041,1052.4,1063.2,1074.4,1086.2,1097.2
441.97,1019.9,1030.5,1041.9,1053.3,1064.2,1075.5,1087.4,1098.2
446.64,1020.6,1031.3,1042.9,1054.3,1065.2,1076.7,1088.6,1099.4
449.41,1021,1031.8,1043.4,1054.9,1065.8,1077.4,1089.4,1100.1
451.18,1021.3,1032.1,1043.8,1055.3,1066.2,1077.9,1089.8,1100.6
451.58,1021.4,1032.2,1043.8,1055.4,1066.3,1078,1089.9,1100.7
452.64,1021.5,1032.4,1044.1,1055.6,1066.5,1078.2,1090.2,1101
454.3,1021.8,1032.7,1044.4,1055.9,1066.9,1078.7,1090.6,1101.5
457.42,1022.3,1033.2,1045,1056.6,1067.6,1079.4,1091.3,1102.4
465.81,1023.7,1034.7,1046.7,1058.3,1069.7,1081.5,1093.4,1104.8
469.63,1024.3,1035.4,1047.4,1059.1,1070.6,1082.5,1094.3,1105.9
472.74,1024.8,1035.9,1048,1059.7,1071.4,1083.3,1095,1106.8
476.21,1025.4,1036.6,1048.7,1060.5,1072.2,1084.2,1095.9,1107.8
477.89,1025.6,1037,1049.1,1060.9,1072.6,1084.7,1096.3,1108.3
482.92,1026.5,1038,1050.1,1062.1,1073.7,1086.1,1097.6,1109.8
488.19,1027.4,1039.2,1051.2,1063.4,1074.9,1087.6,1099.1,1111.4
489.15,1027.6,1039.4,1051.4,1063.6,1075.2,1087.8,1099.4,1111.7
490.95,1027.9,1039.8,1051.7,1064,1075.6,1088.3,1099.9,1112.2
492.25,1028.1,1040,1052,1064.2,1076,1088.7,1100.3,1112.6
493.45,1028.3,1040.3,1052.3,1064.5,1076.3,1089,1100.7,1113
495.97,1028.8,1040.8,1052.8,1065,1077,1089.7,1101.4,1113.8
496.32,1028.8,1040.9,1052.9,1065,1077.1,1089.8,1101.5,1113.9
497.29,1029,1041.1,1053.1,1065.2,1077.3,1090.1,1101.8,1114.2
498.13,1029.2,1041.2,1053.3,1065.3,1077.6,1090.3,1102.1,1114.4
505.67,1030.6,1042.7,1054.9,1066.6,1079.6,1092.3,1104.3,1116.7
510.81,1031.6,1043.7,1056.1,1067.7,1080.8,1093.7,1105.9,1118.3
518.01,1033,1045.1,1057.7,1069.9,1082.5,1095.5,1108,1120.5
519.92,1033.3,1045.5,1058.2,1070.5,1083,1096,1108.5,1121.1
520.39,1033.4,1045.6,1058.3,1070.7,1083.1,1096.1,1108.7,1121.3
520.5,1033.4,1045.6,1058.3,1070.7,1083.1,1096.1,1108.7,1121.3
520.54,1033.5,1045.6,1058.3,1070.7,1083.1,1096.1,1108.7,1121.3
523.15,1034,1046.2,1058.9,1071.5,1083.8,1096.7,1109.4,1122.1
524.73,1034.3,1046.6,1059.3,1071.9,1084.2,1097.1,1109.9,1122.6
526.24,1034.5,1046.9,1059.7,1072.2,1084.6,1097.5,1110.3,1123.1
530.34,1035.3,1048,1060.7,1073.2,1085.8,1098.5,1111.5,1124.3
537.87,1036.7,1049.8,1062.5,1074.9,1088.1,1100.4,1113.6,1126.6
539.77,1037,1050.3,1062.9,1075.3,1088.7,1100.9,1114.1,1127.2
540.86,1037.2,1050.6,1063.2,1075.6,1089,1101.2,1114.4,1127.5
541,1037.2,1050.6,1063.2,1075.6,1089,1101.2,1114.5,1127.6
542.8,1037.6,1051,1063.7,1076.1,1089.5,1101.7,1115,1128.1
547,1038.4,1051.9,1064.7,1077.5,1090.5,1102.9,1116.1,1129.4
552.33,1039.5,1053.1,1065.9,1079.2,1091.9,1104.5,1117.7,1131
552.97,1039.6,1053.2,1066.1,1079.4,1092.1,1104.7,1117.9,1131.2
553.08,1039.6,1053.2,1066.1,1079.4,1092.2,1104.7,1117.9,1131.2
558.52,1040.9,1054.5,1067.4,1080.9,1093.8,1106.4,1119.6,1132.9
560,1041.3,1054.8,1067.8,1081.3,1094.3,1106.9,1120,1133.3
563.3,1042.2,1055.6,1068.5,1082.1,1095.2,1107.9,1121,1134.3
564.95,1042.6,1056.1,1068.9,1082.5,1095.6,1108.4,1121.6,1134.8
567.44,1043.3,1056.8,1069.5,1083.2,1096.2,1109.2,1122.3,1135.6
568.32,1043.5,1057.1,1069.7,1083.4,1096.4,1109.5,1122.6,1135.8
571.74,1044.4,1058.1,1070.5,1084.3,1097.1,1110.6,1123.6,1136.9
572.68,1044.6,1058.3,1070.7,1084.5,1097.3,1110.9,1123.9,1137.2
576.55,1045.5,1059.3,1071.7,1085.5,1098.1,1112,1125.1,1138.4
583.98,1047.2,1061,1073.4,1087.4,1099.7,1114.1,1127.4,1140.7
585.92,1047.6,1061.4,1073.9,1087.9,1100.1,1114.6,1128,1141.3
588.02,1048.1,1061.9,1074.4,1088.5,1100.6,1115.2,1128.6,1141.9
588.93,1048.3,1062.1,1074.7,1088.7,1100.9,1115.4,1128.9,1142.2
595.48,1049.7,1063.4,1076.3,1090.4,1102.8,1117.2,1130.8,1144.3
598.69,1050.4,1064.1,1077.2,1091.3,1103.9,1118.1,1131.7,1145.3
598.72,1050.4,1064.1,1077.2,1091.3,1103.9,1118.1,1131.8,1145.3
600.57,1050.8,1064.5,1077.7,1091.8,1104.5,1118.6,1132.3,1145.9
604.28,1051.6,1065.2,1078.7,1092.7,1105.8,1119.6,1133.4,1147.2
604.54,1051.7,1065.3,1078.8,1092.8,1105.9,1119.6,1133.5,1147.3
609.4,1052.8,1066.3,1080.1,1094,1107.5,1121,1134.9,1148.9
611.9,1053.4,1066.9,1080.9,1094.6,1108.2,1121.7,1135.6,1149.8
613.01,1053.6,1067.2,1081.2,1094.9,1108.6,1122,1136,1150.1
614,1053.9,1067.4,1081.5,1095.1,1108.9,1122.3,1136.3,1150.5
617.27,1054.6,1068.2,1082.4,1095.9,1109.8,1123.3,1137.3,1151.6
621.78,1055.7,1069.2,1083.7,1097,1111,1124.6,1138.6,1153.2
627.67,1057.1,1070.3,1085.3,1098.4,1112.7,1126.4,1140.4,1155.2
628.07,1057.2,1070.4,1085.4,1098.5,1112.8,1126.5,1140.6,1155.3
630.28,1057.7,1071,1086,1099,1113.4,1127.2,1141.2,1156.1
634.51,1058.7,1072.1,1087.1,1100.2,1114.7,1128.5,1142.6,1157.5
636.4,1059.2,1072.7,1087.6,1100.7,1115.2,1129.1,1143.1,1158.1
637.31,1059.4,1073,1087.8,1100.9,1115.5,1129.3,1143.4,1158.4
639.49,1059.9,1073.6,1088.3,1101.6,1116.2,1130,1144.1,1159.1
641.6,1060.4,1074.2,1088.9,1102.2,1116.8,1130.7,1144.7,1159.7
645.47,1061.3,1075.3,1089.8,1103.4,1117.8,1131.9,1145.9,1160.9
651.64,1062.8,1077.1,1091.3,1105.2,1119.5,1133.9,1147.9,1162.8
655.67,1063.8,1078.3,1092.3,1106.4,1120.6,1135.1,1149.2,1164
656.81,1064.1,1078.6,1092.6,1106.7,1121,1135.5,1149.5,1164.4
661.2,1065.2,1079.8,1093.7,1108,1122.2,1136.9,1151,1165.7
661.42,1065.2,1079.9,1093.8,1108,1122.3,1137,1151,1165.8
663.31,1065.7,1080.3,1094.2,1108.6,1122.8,1137.6,1151.7,1166.4
666.92,1066.6,1080.9,1095.1,1109.6,1123.9,1138.8,1152.9,1167.4
667.57,1066.8,1081,1095.3,1109.8,1124.1,1139,1153.1,1167.6
673.11,1068.2,1081.9,1096.7,1111.6,1125.7,1140.8,1155,1169.3
676.06,1068.9,1082.5,1097.5,1112.6,1126.5,1141.8,1155.9,1170.3
676.6,1069.1,1082.7,1097.6,1112.7,1126.7,1141.9,1156.1,1170.4
677.69,1069.3,1083,1097.9,1113.1,1127,1142.2,1156.5,1170.8
680.87,1070.2,1084.4,1098.8,1113.9,1127.8,1143.1,1157.5,1171.8
681.04,1070.2,1084.5,1098.8,1114,1127.9,1143.2,1157.6,1171.8
684.65,1071.2,1086,1099.8,1114.8,1128.8,1144,1158.7,1173
685.56,1071.4,1086.1,1100,1115,1129.1,1144.2,1159,1173.3
687.42,1071.9,1086.2,1100.5,1115.4,1129.6,1144.5,1159.6,1173.9
689.94,1072.5,1086.2,1101.2,1116,1130.3,1145,1160.4,1174.7
693.61,1073.4,1086.5,1102.2,1116.8,1131.3,1145.7,1161.5,1175.9
693.85,1073.5,1086.6,1102.2,1116.9,1131.3,1145.8,1161.5,1176
695.83,1074,1087,1102.8,1117.4,1131.9,1146.3,1162.1,1176.6
701.85,1075.4,1088.9,1104.4,1119.6,1133.7,1148,1163.8,1178.6
705.81,1076.3,1090.2,1105.4,1120.9,1135,1149.2,1164.9,1179.9
707.34,1076.7,1090.7,1105.9,1121.3,1135.5,1149.7,1165.3,1180.4
707.99,1076.8,1090.9,1106,1121.4,1135.7,1149.9,1165.5,1180.6
709.01,1077,1091.2,1106.3,1121.7,1136,1150.2,1165.8,1180.9
710.98,1077.4,1091.8,1106.8,1122.1,1136.7,1150.8,1166.3,1181.5
711.74,1077.6,1092,1107,1122.3,1137,1151,1166.5,1181.8
716.47,1078.6,1093.2,1108.3,1123.2,1138.5,1152.4,1167.9,1183.2
722.39,1079.8,1094.7,1109.8,1124.5,1140.2,1154.2,1169.7,1185
727.09,1080.8,1095.8,1111,1125.6,1141.5,1155.6,1171.1,1186.4
728.59,1081.1,1096.1,1111.4,1126,1141.9,1156.1,1171.6,1186.8
732.49,1081.9,1097.1,1112.4,1127.1,1142.9,1157.2,1172.8,1188
734.67,1082.4,1097.6,1112.9,1127.8,1143.4,1157.9,1173.5,1188.7
735.93,1082.7,1097.9,1113.2,1128.2,1143.7,1158.3,1173.8,1189.1
738.77,1083.3,1098.5,1113.9,1129.1,1144.3,1159.2,1174.7,1190
741.24,1083.8,1099.1,1114.5,1129.9,1144.8,1159.9,1175.5,1190.8
745.18,1084.7,1100,1115.4,1131.1,1145.7,1161.2,1176.6,1192.1
747.62,1085.3,1100.6,1116,1131.7,1146.3,1161.9,1177.4,1192.9
747.66,1085.3,1100.6,1116,1131.7,1146.3,1161.9,1177.4,1192.9
748.68,1085.5,1100.8,1116.3,1132,1146.5,1162.3,1177.7,1193.2
760.86,1088.6,1103.7,1119.3,1134.6,1150.2,1166.1,1181.3,1197.1
762.09,1088.9,1104,1119.6,1134.9,1150.6,1166.4,1181.7,1197.4
762.53,1089,1104.1,1119.7,1135,1150.8,1166.6,1181.8,1197.6
763.54,1089.3,1104.4,1119.9,1135.2,1151.1,1166.9,1182.1,1197.9
764.89,1089.6,1104.8,1120.3,1135.6,1151.5,1167.3,1182.5,1198.3
765.69,1089.8,1105,1120.5,1135.8,1151.7,1167.5,1182.8,1198.5
765.91,1089.9,1105,1120.5,1135.9,1151.8,1167.6,1182.8,1198.6
772.8,1091.5,1107,1122.3,1138,1153.8,1169.5,1184.8,1200.7
775.95,1092.2,1107.9,1123.1,1139,1154.6,1170.4,1185.7,1201.6
779.74,1093,1109,1124.1,1140.2,1155.6,1171.5,1186.8,1202.7
780.86,1093.3,1109.3,1124.4,1140.5,1155.9,1171.9,1187.1,1203
781.5,1093.4,1109.5,1124.6,1140.7,1156.1,1172.1,1187.3,1203.2
782.91,1093.8,1109.9,1125,1141.1,1156.4,1172.5,1187.7,1203.6
783.91,1094,1110.2,1125.2,1141.4,1156.7,1172.9,1188,1203.9
792.48,1096,1112.4,1127.6,1143.7,1158.8,1175.6,1190.4,1206.4
793.52,1096.3,1112.6,1127.9,1143.9,1159.1,1175.9,1190.7,1206.7
795.08,1096.6,1112.9,1128.3,1144.3,1159.5,1176.4,1191.2,1207.2
795.28,1096.7,1113,1128.4,1144.3,1159.6,1176.4,1191.2,1207.3
797.19,1097.1,1113.3,1128.9,1144.8,1160.1,1176.9,1191.8,1207.8
798.27,1097.4,1113.6,1129.2,1145,1160.4,1177.2,1192.1,1208.1
804.22,1098.8,1114.7,1130.7,1146.4,1162.3,1178.6,1193.8,1209.9
806.05,1099.2,1115.1,1131.2,1146.9,1162.9,1179,1194.4,1210.5
807.21,1099.5,1115.4,1131.5,1147.1,1163.3,1179.2,1194.7,1210.8
808.25,1099.7,1115.7,1131.8,1147.4,1163.6,1179.5,1195,1211.1
811.56,1100.5,1116.6,1132.6,1148.2,1164.5,1180.3,1196,1212.1
814.75,1101.2,1117.5,1133.3,1149,1165.3,1181.2,1197,1213.1
816.15,1101.5,1117.9,1133.6,1149.4,1165.6,1181.6,1197.5,1213.5
816.95,1101.7,1118.1,1133.8,1149.6,1165.8,1181.8,1197.7,1213.8
821.55,1102.7,1119.2,1134.7,1150.9,1166.8,1183.2,1199.1,1215.2
827.25,1104,1120.6,1135.9,1152.7,1168,1184.8,1200.9,1216.9
827.92,1104.2,1120.8,1136,1152.9,1168.1,1184.9,1201.1,1217.1
828.53,1104.3,1120.9,1136.1,1153.1,1168.3,1185.1,1201.3,1217.3
828.77,1104.4,1121,1136.2,1153.1,1168.3,1185.2,1201.3,1217.4
834.31,1105.6,1122.3,1137.3,1154.6,1169.7,1186.7,1203,1219.1
834.93,1105.8,1122.4,1137.5,1154.8,1169.8,1186.9,1203.1,1219.3
838.29,1106.6,1123.2,1138.3,1155.6,1170.7,1187.8,1204.1,1220.3
843.58,1107.9,1124.4,1139.7,1156.9,1172.1,1189.3,1205.7,1221.9
845.17,1108.2,1124.8,1140.2,1157.3,1172.5,1189.8,1206.1,1222.4
846.28,1108.5,1125,1140.5,1157.5,1172.8,1190.1,1206.4,1222.7
850.59,1109.6,1126,1141.9,1158.6,1174.1,1191.5,1207.7,1224
850.91,1109.7,1126,1142,1158.7,1174.1,1191.6,1207.7,1224.1
856.16,1111,1127.1,1143.6,1160,1175.7,1193.1,1209.2,1225.6
857.52,1111.3,1127.3,1144,1160.4,1176.1,1193.5,1209.6,1226
859.14,1111.7,1127.7,1144.5,1160.8,1176.6,1194,1210.1,1226.5
864.49,1113.1,1128.8,1146,1162.2,1178.1,1195.5,1211.6,1228
864.57,1113.1,1128.8,1146,1162.2,1178.2,1195.5,1211.6,1228
865.07,1113.2,1128.9,1146.1,1162.3,1178.3,1195.6,1211.7,1228.2
866.79,1113.6,1129.3,1146.5,1162.8,1178.8,1196.1,1212.2,1228.7
877.96,1116.2,1132,1149.1,1165.7,1182,1199,1215.3,1231.7
878.34,1116.3,1132.1,1149.2,1165.8,1182.1,1199.1,1215.4,1231.8
879.16,1116.5,1132.3,1149.4,1166,1182.3,1199.3,1215.6,1232
879.61,1116.5,1132.4,1149.5,1166.1,1182.5,1199.5,1215.7,1232.1
880.04,1116.6,1132.5,1149.6,1166.2,1182.6,1199.6,1215.9,1232.2
882.94,1117.2,1133.1,1150.3,1166.9,1183.4,1200.3,1216.7,1233
891.18,1118.8,1134.8,1152.1,1168.9,1185.7,1202.4,1218.9,1235.2
891.27,1118.8,1134.8,1152.1,1168.9,1185.7,1202.4,1218.9,1235.2
892.54,1119,1135.1,1152.4,1169.2,1186.1,1202.7,1219.3,1235.6
892.73,1119,1135.2,1152.4,1169.3,1186.1,1202.8,1219.3,1235.7
895.44,1119.5,1135.8,1153,1169.9,1186.8,1203.5,1220,1236.4
897.67,1119.9,1136.4,1153.5,1170.5,1187.4,1204.1,1220.6,1237.1
901.33,1120.5,1137.4,1154.3,1171.4,1188.3,1205,1221.6,1238.1
903.79,1121,1137.9,1154.8,1171.9,1188.9,1205.7,1222.3,1238.9
905.9,1121.4,1138.4,1155.3,1172.4,1189.5,1206.3,1222.8,1239.5
907.88,1121.7,1138.8,1155.7,1172.9,1189.9,1206.8,1223.4,1240.1
914.31,1123,1140,1157.2,1174.4,1191.5,1208.5,1225.1,1241.9
919.92,1124.1,1141.1,1158.4,1175.7,1192.8,1209.9,1226.6,1243.5
921.55,1124.5,1141.4,1158.7,1176.1,1193.2,1210.3,1227,1244
921.8,1124.5,1141.4,1158.8,1176.2,1193.2,1210.4,1227,1244.1
926.56,1125.5,1142.4,1159.9,1177.3,1194.4,1211.4,1228.3,1245.4
928.75,1126,1142.9,1160.3,1177.8,1194.9,1211.8,1228.9,1246
932.22,1126.8,1143.8,1161.1,1178.6,1195.7,1212.5,1229.8,1247
933.95,1127.1,1144.3,1161.5,1178.9,1196.2,1212.8,1230.3,1247.4
934.71,1127.3,1144.6,1161.7,1179.1,1196.3,1213,1230.5,1247.6
936.13,1127.6,1145,1162,1179.4,1196.7,1213.4,1230.8,1248
937.3,1127.8,1145.4,1162.3,1179.7,1197,1213.7,1231.2,1248.3
942.63,1129,1146.8,1163.5,1180.8,1198.2,1215.1,1232.6,1249.7
942.77,1129,1146.8,1163.5,1180.9,1198.3,1215.1,1232.6,1249.7
951.53,1130.9,1148.5,1165.6,1182.8,1200.4,1217.5,1234.9,1252
951.85,1131,1148.5,1165.6,1182.8,1200.5,1217.6,1235,1252.1
952.03,1131,1148.6,1165.7,1182.9,1200.5,1217.7,1235,1252.1
956.27,1131.9,1149.3,1166.6,1183.7,1201.6,1218.9,1236.1,1253.2
956.58,1132,1149.3,1166.7,1183.8,1201.6,1218.9,1236.2,1253.2
961.26,1133,1150.2,1167.7,1184.7,1202.8,1220.2,1237.5,1254.4
962.12,1133.2,1150.3,1167.9,1184.9,1203,1220.4,1237.7,1254.6
968.13,1134.5,1151.4,1169.1,1186.3,1204.4,1222,1239.3,1256.2
968.96,1134.7,1151.6,1169.3,1186.5,1204.6,1222.2,1239.5,1256.4
974.05,1135.8,1152.7,1170.3,1187.9,1205.7,1223.5,1240.8,1257.7
975.31,1136,1153,1170.5,1188.3,1206,1223.8,1241.1,1258
979.05,1136.8,1153.9,1171.3,1189.4,1206.8,1224.8,1242.1,1259
982.98,1137.6,1154.9,1172,1190.3,1207.5,1225.8,1243.2,1260.1
985.95,1138.2,1155.6,1172.6,1190.8,1208.1,1226.5,1243.9,1261
986.26,1138.3,1155.7,1172.7,1190.9,1208.2,1226.6,1244,1261
988.37,1138.7,1156.2,1173.1,1191.2,1208.6,1227.1,1244.6,1261.7
993.2,1139.6,1157.2,1174.1,1191.8,1209.5,1228.3,1245.9,1263.1
994.29,1139.8,1157.4,1174.3,1191.9,1209.8,1228.6,1246.1,1263.4
998.17,1140.4,1158.2,1175.2,1192.6,1210.7,1229.5,1247.2,1264.6
998.42,1140.5,1158.2,1175.2,1192.6,1210.7,1229.5,1247.2,1264.6
1003.2,1141.2,1159.1,1176.4,1193.9,1212,1230.5,1248.5,1266
1005.1,1141.5,1159.4,1176.8,1194.5,1212.6,1230.9,1248.9,1266.6
1009.2,1142.1,1160.2,1177.9,1195.8,1213.9,1231.7,1250,1267.7
1011.2,1142.4,1160.5,1178.4,1196.3,1214.5,1232.1,1250.4,1268.2
1012.8,1142.6,1160.8,1178.8,1196.8,1214.9,1232.4,1250.8,1268.6
1017,1143.3,1161.6,1179.9,1197.8,1216,1233.4,1251.8,1269.4
1018,1143.4,1161.8,1180.1,1198,1216.3,1233.6,1252,1269.6
1018.7,1143.5,1161.9,1180.3,1198.2,1216.4,1233.8,1252.2,1269.7
1023.2,1144.3,1162.7,1181.4,1199.2,1217.4,1234.8,1253.2,1270.7
1025.3,1144.6,1163.1,1181.9,1199.7,1217.9,1235.4,1253.7,1271.1
1028.7,1145.3,1163.7,1182.5,1200.4,1218.5,1236.2,1254.4,1271.9
1038.8,1147.3,1165.7,1184.2,1202.4,1220.4,1238.7,1256.5,1274.3
1039,1147.4,1165.7,1184.3,1202.4,1220.5,1238.7,1256.6,1274.4
1039.7,1147.5,1165.9,1184.4,1202.6,1220.6,1238.9,1256.7,1274.5
1051.2,1149.8,1168.2,1186.1,1204.6,1222.9,1241.8,1259.3,1277.5
1055.3,1150.6,1169,1186.7,1205.3,1223.8,1242.8,1260.2,1278.6
1055.3,1150.6,1169,1186.7,1205.3,1223.8,1242.8,1260.2,1278.6
1055.5,1150.6,1169.1,1186.8,1205.3,1223.8,1242.8,1260.3,1278.6
1055.8,1150.7,1169.1,1186.8,1205.4,1223.9,1242.9,1260.3,1278.7
1056.2,1150.8,1169.2,1186.9,1205.4,1224,1243,1260.4,1278.8
1057.4,1151,1169.4,1187.1,1205.7,1224.3,1243.3,1260.7,1279.1
1060.9,1151.6,1170.1,1187.8,1206.3,1225.2,1244.1,1261.6,1280.1
1066.6,1152.7,1171.1,1188.9,1207.5,1226.6,1245.5,1263,1281.6
1075.7,1154.3,1172.7,1190.9,1209.4,1228.6,1247.6,1265.4,1284.2
1078.4,1154.7,1173.2,1191.5,1210,1229.2,1248.2,1266.1,1284.9
1080.2,1155.1,1173.6,1191.9,1210.5,1229.6,1248.6,1266.6,1285.4
1082.5,1155.5,1174,1192.4,1211,1230.1,1249.1,1267.1,1286
1083.1,1155.6,1174.1,1192.5,1211.1,1230.2,1249.2,1267.3,1286.2
1090.2,1156.8,1175.7,1194,1212.7,1231.6,1250.7,1268.9,1288
1092,1157.1,1176.1,1194.3,1213.1,1232,1251.1,1269.4,1288.4
1092.2,1157.1,1176.1,1194.4,1213.2,1232,1251.1,1269.4,1288.5
1095.2,1157.6,1176.8,1194.9,1213.8,1232.7,1251.8,1270,1289.1
1100.3,1158.5,1177.9,1195.8,1214.7,1233.8,1252.8,1271.1,1290.2
1102.2,1158.8,1178.2,1196.2,1215,1234.2,1253.2,1271.5,1290.6
1103.3,1159,1178.4,1196.4,1215.3,1234.4,1253.5,1271.7,1290.8
1107.2,1159.6,1179,1197.1,1216,1235.3,1254.3,1272.5,1291.6
1109.3,1160,1179.2,1197.4,1216.3,1235.8,1254.7,1272.9,1292
1114.8,1160.9,1179.8,1198.3,1217.3,1236.9,1255.9,1274,1293
1117.8,1161.4,1180.1,1198.9,1217.9,1237.5,1256.5,1274.6,1293.6
1119.2,1161.6,1180.3,1199.1,1218.2,1237.8,1256.8,1274.8,1293.9
1121.4,1162,1180.7,1199.5,1218.6,1238.1,1257.2,1275.3,1294.3
1129.4,1163.2,1182.2,1200.9,1220.2,1239.6,1258.9,1276.9,1296.2
1132.1,1163.7,1182.7,1201.4,1220.7,1240.1,1259.4,1277.4,1296.9
1133,1163.8,1182.9,1201.6,1220.9,1240.2,1259.6,1277.6,1297.1
1135.2,1164.2,1183.3,1202,1221.3,1240.6,1260,1278.1,1297.7
1135.4,1164.2,1183.3,1202,1221.4,1240.6,1260,1278.1,1297.7
1135.6,1164.2,1183.4,1202,1221.4,1240.7,1260.1,1278.2,1297.8
1137.6,1164.6,1183.8,1202.4,1221.8,1241,1260.5,1278.6,1298.3
1143,1165.5,1184.7,1203.5,1222.8,1242,1261.4,1279.8,1299.6
1148.8,1166.5,1185.7,1204.5,1223.8,1243.1,1262.5,1281.1,1300.9
1151.4,1166.9,1186.1,1205,1224.3,1243.7,1262.9,1281.7,1301.5
1154.9,1167.5,1186.7,1205.7,1225,1244.5,1263.6,1282.5,1302.2
1156.2,1167.7,1186.9,1205.9,1225.3,1244.8,1263.8,1282.8,1302.5
1157.4,1167.9,1187.1,1206.1,1225.5,1245.1,1264.1,1283.1,1302.8
1159.6,1168.3,1187.4,1206.5,1225.9,1245.6,1264.5,1283.7,1303.2
1162.3,1168.7,1187.8,1207,1226.5,1246.2,1265,1284.3,1303.8
1169,1169.8,1188.7,1208.1,1227.8,1247.5,1266.3,1285.9,1305.3
1169.5,1169.9,1188.7,1208.2,1227.9,1247.5,1266.4,1286,1305.5
1170.7,1170.1,1188.9,1208.4,1228.1,1247.7,1266.7,1286.3,1305.7
1173.2,1170.5,1189.2,1208.8,1228.6,1248.1,1267.2,1286.9,1306.3
1179.9,1171.5,1190.2,1210,1229.8,1249.1,1268.5,1288.4,1307.9
1180,1171.5,1190.2,1210,1229.8,1249.1,1268.5,1288.5,1308
1180.3,1171.6,1190.3,1210.1,1229.9,1249.1,1268.6,1288.5,1308.1
1183.8,1172.1,1190.8,1210.7,1230.5,1249.7,1269.3,1289.3,1308.9
1190,1173.1,1191.8,1211.9,1231.6,1250.9,1270.5,1290.7,1310.3
1194.8,1173.8,1192.5,1212.8,1232.4,1251.9,1271.4,1291.7,1311.3
1195.8,1173.9,1192.7,1213,1232.5,1252.1,1271.6,1291.9,1311.5
1201.4,1174.8,1193.6,1214,1233.4,1253.3,1272.7,1293.1,1312.5
1203.1,1175,1193.9,1214.3,1233.7,1253.6,1273,1293.4,1312.8
1203.5,1175.1,1194,1214.3,1233.8,1253.7,1273.1,1293.5,1312.9
1204.8,1175.2,1194.2,1214.5,1234,1253.9,1273.4,1293.7,1313.1
1210.6,1176,1195.1,1215.5,1234.9,1255,1274.6,1294.9,1314.2
1214.7,1176.6,1195.8,1216.1,1235.5,1255.8,1275.4,1295.7,1314.9
1217.1,1176.9,1196.2,1216.5,1236,1256.2,1275.9,1296.2,1315.3
1223.2,1177.7,1197.3,1217.3,1236.9,1257.2,1277.2,1297.4,1316.5
1228.5,1178.3,1198.2,1218.1,1237.8,1258,1278.2,1298.4,1317.5
1229.6,1178.5,1198.4,1218.2,1238,1258.1,1278.4,1298.6,1317.7
1233,1178.9,1198.9,1218.6,1238.5,1258.6,1279.1,1299.2,1318.4
1233.7,1179,1199.1,1218.7,1238.6,1258.7,1279.2,1299.4,1318.6
1240.3,1179.9,1200.1,1219.6,1239.6,1259.7,1280.4,1300.7,1320.2
1242.2,1180.1,1200.3,1219.8,1239.9,1260,1280.7,1301,1320.6
1245.1,1180.6,1200.7,1220.2,1240.3,1260.4,1281.2,1301.6,1321.3
1251,1181.5,1201.5,1220.9,1241.2,1261.4,1282.2,1302.8,1322.6
1251.8,1181.6,1201.6,1221,1241.4,1261.6,1282.3,1302.9,1322.8
1256.2,1182.2,1202.2,1221.6,1242.1,1262.4,1283.1,1303.8,1323.6
1257.5,1182.4,1202.3,1221.8,1242.4,1262.7,1283.3,1304.1,1323.8
1261,1182.9,1202.8,1222.3,1243.1,1263.4,1283.9,1304.8,1324.4
1261.3,1183,1202.8,1222.4,1243.2,1263.5,1283.9,1304.8,1324.5
1265.6,1183.6,1203.3,1223.1,1244.1,1264.3,1284.7,1305.7,1325.2
1266.4,1183.7,1203.4,1223.2,1244.2,1264.5,1284.8,1305.8,1325.3
1277.8,1184.9,1205,1225.1,1246.2,1266.6,1286.8,1308.1,1327.2
1277.8,1184.9,1205,1225.1,1246.2,1266.6,1286.8,1308.1,1327.2
1278.5,1184.9,1205.1,1225.3,1246.3,1266.7,1286.9,1308.2,1327.3
1279,1185,1205.2,1225.3,1246.4,1266.8,1287,1308.3,1327.4
1285,1185.6,1206.1,1226.3,1247.2,1267.9,1288.1,1309.5,1328.5
1292.9,1186.5,1207.2,1227.5,1248.3,1269.3,1289.5,1310.9,1330.1
1295.3,1186.8,1207.5,1227.8,1248.6,1269.6,1289.9,1311.3,1330.6
1297.4,1187.1,1207.8,1228.2,1248.9,1269.9,1290.3,1311.7,1331
1297.6,1187.1,1207.8,1228.2,1248.9,1269.9,1290.3,1311.7,1331.1
1303.6,1187.9,1208.7,1229.2,1249.7,1270.5,1291.4,1312.7,1332.3
1305.2,1188.1,1208.9,1229.5,1249.9,1270.6,1291.6,1312.9,1332.6
1309.6,1188.7,1209.5,1230.3,1250.5,1271.1,1292.4,1313.5,1333.6
1311.2,1189,1209.7,1230.6,1250.7,1271.3,1292.7,1313.7,1333.9
1318.3,1190,1210.6,1231.9,1251.7,1272.3,1293.9,1314.7,1335.5
1321,1190.3,1210.9,1232.4,1252.1,1272.7,1294.4,1315,1336
1321.8,1190.5,1211,1232.5,1252.2,1272.9,1294.5,1315.1,1336.2
1329.2,1191.5,1211.9,1233.7,1253.3,1274.1,1295.8,1316.1,1337.6
1330.2,1191.6,1212,1233.9,1253.5,1274.3,1295.9,1316.3,1337.8
1330.9,1191.7,1212.1,1234,1253.6,1274.4,1296.1,1316.4,1338
1332.1,1191.9,1212.3,1234.1,1253.8,1274.6,1296.3,1316.6,1338.2
1334.7,1192.2,1212.6,1234.4,1254.3,1275.1,1296.7,1317,1338.6
1335.6,1192.3,1212.8,1234.5,1254.5,1275.2,1296.9,1317.2,1338.8
1346.1,1193.7,1214.3,1235.5,1256.3,1277.4,1298.6,1319.1,1340.5
1349.7,1194.2,1214.9,1235.9,1256.9,1278,1299.1,1319.8,1341.1
1351.5,1194.4,1215.1,1236,1257.1,1278.3,1299.4,1320.1,1341.4
1353.5,1194.6,1215.4,1236.3,1257.4,1278.6,1299.7,1320.5,1341.7
1354.3,1194.7,1215.5,1236.4,1257.5,1278.7,1299.8,1320.6,1341.8
1355.5,1194.9,1215.7,1236.5,1257.7,1278.8,1300,1320.8,1342
1360.7,1195.5,1216.4,1237.2,1258.4,1279.5,1300.8,1321.7,1342.9
1366.7,1196.1,1217,1238,1259.2,1280.3,1301.6,1322.7,1344.1
1367.3,1196.2,1217.1,1238.1,1259.2,1280.4,1301.7,1322.8,1344.2
1370.1,1196.5,1217.4,1238.6,1259.6,1280.8,1302.1,1323.2,1344.8
1377.9,1197.4,1218.4,1239.7,1260.7,1282,1303.2,1324.4,1346.3
1381.2,1197.8,1218.8,1240.1,1261.1,1282.5,1303.7,1324.9,1346.9
1382.5,1197.9,1219,1240.3,1261.3,1282.7,1303.9,1325.1,1347.2
1382.8,1197.9,1219,1240.3,1261.3,1282.7,1303.9,1325.2,1347.2
1383.4,1198,1219.1,1240.4,1261.4,1282.8,1304,1325.3,1347.3
1390.8,1198.8,1220,1241.3,1262.4,1284,1305.1,1326.4,1348.6
1391.8,1198.9,1220.1,1241.5,1262.6,1284.2,1305.3,1326.6,1348.8
1403.8,1200.2,1221.3,1243,1264.2,1285.9,1307.2,1328.5,1350.7
1404,1200.2,1221.4,1243.1,1264.3,1286,1307.2,1328.6,1350.8
1410.5,1201,1222.1,1244,1265.2,1286.8,1308.3,1329.7,1351.8
1410.5,1201,1222.1,1244,1265.2,1286.8,1308.3,1329.7,1351.8
1414.5,1201.4,1222.5,1244.6,1265.7,1287.3,1309,1330.4,1352.4
1421,1202.1,1223.2,1245.6,1266.6,1288.1,1310.1,1331.5,1353.5
1421.6,1202.2,1223.3,1245.7,1266.7,1288.2,1310.2,1331.6,1353.6
1422.5,1202.3,1223.4,1245.9,1266.8,1288.3,1310.4,1331.8,1353.7
1426.7,1202.8,1223.9,1246.4,1267.4,1288.9,1311.1,1332.6,1354.3
1431.5,1203.3,1224.5,1247,1268.1,1289.7,1311.8,1333.4,1355.1
1439.3,1204.2,1225.4,1247.9,1269.1,1290.9,1313,1334.7,1356.1
1440.4,1204.4,1225.6,1248,1269.2,1291,1313.2,1334.9,1356.3
1442.5,1204.6,1225.8,1248.3,1269.5,1291.3,1313.5,1335.2,1356.6
1442.8,1204.6,1225.9,1248.3,1269.5,1291.4,1313.5,1335.3,1356.6
1445.7,1205,1226.2,1248.6,1269.9,1291.8,1314,1335.7,1357
1446.6,1205.1,1226.4,1248.7,1270,1291.9,1314.1,1335.8,1357.1
1451.7,1205.6,1227,1249.2,1270.6,1292.5,1314.9,1336.5,1357.9
1455.3,1206,1227.3,1249.6,1271.1,1292.9,1315.4,1337,1358.4
1458.5,1206.4,1227.7,1249.9,1271.4,1293.3,1315.9,1337.4,1358.9
1465.9,1207.2,1228.4,1250.7,1272.3,1294,1317,1338.4,1360.2
1470.9,1207.7,1229,1251.2,1272.9,1294.6,1317.7,1339,1361.1
1472.3,1207.8,1229.2,1251.3,1273.1,1294.8,1317.9,1339.2,1361.4
1476.1,1208.2,1229.6,1251.8,1273.5,1295.3,1318.4,1339.8,1362.1
1476.7,1208.2,1229.7,1251.8,1273.6,1295.4,1318.5,1339.9,1362.3
1477.5,1208.3,1229.8,1251.9,1273.7,1295.5,1318.6,1340,1362.4
1477.8,1208.3,1229.8,1251.9,1273.7,1295.5,1318.6,1340,1362.5
1478.9,1208.4,1230,1252.1,1273.9,1295.7,1318.8,1340.2,1362.7
1489.4,1209.3,1231.4,1253.3,1275.2,1297.4,1320.1,1342,1364.6
1490.3,1209.4,1231.5,1253.4,1275.3,1297.5,1320.2,1342.1,1364.7
1496.3,1209.8,1232.1,1254.1,1276,1298.4,1320.8,1343.1,1365.7
1498.3,1210,1232.3,1254.4,1276.3,1298.7,1321,1343.5,1365.9
1503.4,1210.4,1232.8,1255,1276.9,1299.4,1321.6,1344.3,1366.6
1504.3,1210.5,1232.8,1255.1,1277,1299.5,1321.6,1344.5,1366.8
1512,1211.2,1233.5,1256,1277.9,1300.4,1322.5,1345.7,1367.8
1512.2,1211.2,1233.5,1256,1278,1300.4,1322.5,1345.7,1367.8
1515.6,1211.5,1233.8,1256.4,1278.4,1300.8,1322.9,1346.2,1368.3
1516.2,1211.6,1233.9,1256.5,1278.4,1300.8,1323,1346.3,1368.3
1524.7,1212.5,1234.7,1257.6,1279.4,1301.8,1324,1347.5,1369.4
1526.7,1212.7,1234.9,1257.8,1279.7,1302.1,1324.3,1347.8,1369.7
1529.1,1213,1235.1,1258.2,1280,1302.4,1324.6,1348.1,1370
1530.5,1213.1,1235.2,1258.3,1280.1,1302.5,1324.8,1348.3,1370.2
1539.5,1214.2,1236.2,1259.5,1281.2,1303.6,1326.2,1349.5,1371.4
1543.2,1214.6,1236.6,1260,1281.6,1304.1,1326.8,1350,1372
1549,1215.3,1237.3,1260.6,1282.3,1304.8,1327.7,1350.7,1372.8
1550.7,1215.5,1237.5,1260.8,1282.5,1305.1,1327.9,1350.9,1373
1554,1215.8,1237.9,1261.1,1282.9,1305.5,1328.4,1351.3,1373.5
1555.6,1216,1238.1,1261.3,1283.1,1305.7,1328.6,1351.5,1373.7
1562.1,1216.7,1238.9,1261.8,1283.9,1306.6,1329.4,1352.3,1374.6
1563.4,1216.9,1239,1261.8,1284,1306.7,1329.6,1352.5,1374.8
1568.4,1217.4,1239.6,1262.1,1284.6,1307.4,1330.1,1353.1,1375.6
1571.7,1217.8,1240,1262.4,1285,1307.8,1330.5,1353.5,1376
1574.4,1218.1,1240.4,1262.6,1285.3,1308.2,1330.8,1353.9,1376.4
1577.1,1218.3,1240.7,1262.9,1285.7,1308.5,1331.1,1354.3,1376.8
1583,1218.9,1241.4,1263.7,1286.4,1309.3,1331.7,1355.1,1377.7
1586.1,1219.3,1241.7,1264.2,1286.7,1309.6,1332.1,1355.5,1378.1
1589.6,1219.6,1242,1264.8,1287.1,1310.1,1332.5,1356,1378.6
1591.8,1219.8,1242.2,1265.2,1287.4,1310.3,1332.8,1356.2,1379
1595.8,1220.2,1242.6,1265.8,1287.8,1310.8,1333.2,1356.7,1379.5
1598.4,1220.5,1242.8,1266.2,1288.1,1311,1333.6,1357,1379.9
1599.5,1220.6,1242.9,1266.3,1288.3,1311.2,1333.7,1357.1,1380.1
1608.5,1221.4,1243.6,1267.2,1289.3,1312.1,1334.9,1358.1,1381.3
1614.5,1222,1244,1267.5,1289.9,1312.9,1335.7,1358.7,1382.1
1614.6,1222,1244,1267.5,1289.9,1312.9,1335.7,1358.7,1382.1
1619.5,1222.4,1244.5,1267.8,1290.5,1313.5,1336.4,1359.3,1382.7
1620.9,1222.5,1244.6,1267.9,1290.6,1313.7,1336.6,1359.4,1382.9
1621.6,1222.5,1244.7,1267.9,1290.7,1313.8,1336.7,1359.5,1383
1623.3,1222.6,1244.9,1268,1290.9,1314,1337,1359.7,1383.2
1635,1223.4,1246.3,1268.6,1292.1,1315.6,1338.7,1361,1384.8
1636.5,1223.5,1246.4,1268.7,1292.3,1315.7,1338.9,1361.2,1385
1638.3,1223.6,1246.7,1268.8,1292.5,1315.9,1339.1,1361.4,1385.2
1644,1223.9,1247.4,1269.3,1293.1,1316.5,1339.9,1362.2,1386
1644.4,1224,1247.4,1269.4,1293.2,1316.5,1340,1362.2,1386
1644.9,1224,1247.5,1269.4,1293.2,1316.6,1340,1362.3,1386.1
1650.6,1224.4,1248.1,1270.1,1293.9,1317,1340.8,1363.2,1386.8
1657.5,1225,1248.8,1270.9,1294.7,1317.6,1341.7,1364.2,1387.8
1661,1225.3,1249.1,1271.3,1295.1,1317.9,1342.1,1364.8,1388.2
1661.9,1225.3,1249.2,1271.4,1295.2,1318,1342.2,1364.9,1388.3
1664,1225.5,1249.4,1271.6,1295.5,1318.2,1342.5,1365.2,1388.6
1664.3,1225.5,1249.4,1271.7,1295.5,1318.2,1342.5,1365.2,1388.7
1676.2,1226.6,1250.5,1272.5,1296.9,1319.6,1343.9,1366.7,1390.2
1676.8,1226.7,1250.5,1272.6,1297,1319.7,1343.9,1366.7,1390.3
1686,1227.6,1251.3,1273.2,1297.9,1320.8,1344.9,1367.8,1391.4
1688,1227.8,1251.5,1273.4,1298,1321.1,1345.1,1368,1391.7
1689.4,1227.9,1251.6,1273.5,1298.2,1321.3,1345.2,1368.1,1391.8
1691.3,1228.1,1251.7,1273.7,1298.3,1321.5,1345.4,1368.3,1392.1
1693.9,1228.3,1252,1274,1298.5,1321.8,1345.6,1368.6,1392.4
1694.1,1228.4,1252,1274,1298.5,1321.8,1345.6,1368.6,1392.4
1695.3,1228.5,1252.1,1274.2,1298.6,1322,1345.7,1368.7,1392.5
1708.2,1229.7,1253.4,1275.9,1299.6,1323.4,1346.9,1370.1,1394
1710.1,1229.9,1253.6,1276.1,1299.8,1323.6,1347,1370.3,1394.2
1719.3,1230.8,1254.5,1277,1300.5,1324.5,1347.9,1371.3,1395.2
1721.6,1231,1254.7,1277.2,1300.7,1324.7,1348.1,1371.5,1395.5
1723.6,1231.2,1254.8,1277.4,1300.9,1324.8,1348.3,1371.8,1395.7
1724.1,1231.2,1254.9,1277.4,1300.9,1324.9,1348.3,1371.8,1395.8
1726.8,1231.5,1255.1,1277.7,1301.1,1325.1,1348.6,1372.1,1396.1
1735.4,1232.2,1255.6,1278.4,1301.9,1325.7,1349.4,1373.2,1397.2
1736.5,1232.3,1255.7,1278.5,1302,1325.8,1349.5,1373.3,1397.3
1744.7,1232.9,1256.3,1279.3,1302.8,1326.4,1350.3,1374.3,1398.4
1747.1,1233,1256.5,1279.5,1303,1326.6,1350.6,1374.6,1398.8
1747.4,1233,1256.5,1279.6,1303.1,1326.7,1350.6,1374.6,1398.8
1750.9,1233.2,1256.8,1279.9,1303.4,1327,1351,1375.1,1399.3
1760.7,1233.8,1257.7,1280.9,1304.4,1328.1,1352,1376.3,1400.5
1760.8,1233.8,1257.7,1280.9,1304.4,1328.1,1352,1376.3,1400.5
1761.2,1233.8,1257.7,1281,1304.4,1328.1,1352.1,1376.3,1400.5
1768.2,1234.3,1258.4,1281.7,1305.1,1329,1352.9,1377.2,1401.3
1774,1234.8,1258.9,1282.2,1305.6,1329.6,1353.5,1377.8,1401.9
1777.5,1235.1,1259.2,1282.6,1306,1329.9,1353.9,1378.2,1402.2
1778.3,1235.1,1259.3,1282.6,1306,1330,1354,1378.3,1402.3
1784.4,1235.7,1259.8,1283.1,1306.6,1330.5,1354.7,1378.9,1402.9
1784.9,1235.7,1259.9,1283.1,1306.7,1330.5,1354.8,1379,1402.9
1788.4,1236,1260.1,1283.4,1307,1330.8,1355.1,1379.3,1403.3
1794.1,1236.5,1260.6,1283.7,1307.6,1331.3,1355.8,1379.9,1403.8
1799.2,1236.9,1261,1284,1308.1,1331.9,1356.3,1380.3,1404.3
1808.6,1237.7,1261.7,1284.6,1309.1,1332.9,1357.3,1381.2,1405.3
1809.5,1237.7,1261.8,1284.7,1309.2,1333,1357.4,1381.3,1405.4
1810.2,1237.8,1261.8,1284.7,1309.3,1333,1357.5,1381.3,1405.4
1815.8,1238.2,1262.2,1285.3,1309.9,1333.6,1358.1,1381.9,1406
1816.3,1238.2,1262.3,1285.3,1310,1333.7,1358.1,1381.9,1406.1
1820.1,1238.5,1262.5,1285.7,1310.4,1334.1,1358.5,1382.3,1406.5
1830.1,1239.1,1263.2,1286.8,1311.4,1335,1359.5,1383.4,1407.6
1831.7,1239.2,1263.3,1286.9,1311.5,1335.2,1359.6,1383.5,1407.8
1833,1239.2,1263.4,1287.1,1311.7,1335.3,1359.7,1383.7,1408
1835.1,1239.4,1263.5,1287.2,1311.9,1335.5,1359.9,1383.9,1408.2
1837.9,1239.5,1263.7,1287.4,1312.1,1335.8,1360.1,1384.2,1408.5
1849.8,1240.2,1264.4,1288.1,1313,1336.9,1361.1,1385.5,1409.9
1852.6,1240.3,1264.6,1288.2,1313.2,1337.2,1361.4,1385.8,1410.2
1857.9,1240.6,1264.9,1288.5,1313.5,1337.7,1361.8,1386.4,1410.8
1860.2,1240.8,1265,1288.7,1313.7,1337.9,1362,1386.6,1411
1865.3,1241.1,1265.4,1289.1,1314,1338.4,1362.5,1387.1,1411.6
1868.4,1241.3,1265.6,1289.3,1314.2,1338.7,1362.8,1387.4,1411.9
1869.3,1241.4,1265.6,1289.4,1314.3,1338.8,1362.8,1387.4,1411.9
1877.6,1242,1266.2,1290,1314.8,1339.6,1363.7,1388.2,1412.7
1879.2,1242.1,1266.3,1290.2,1314.9,1339.7,1363.8,1388.3,1412.8
1881.2,1242.2,1266.5,1290.3,1315.1,1339.9,1364.1,1388.5,1413
1883.8,1242.4,1266.7,1290.6,1315.3,1340.2,1364.3,1388.7,1413.2
1884.3,1242.5,1266.7,1290.6,1315.3,1340.2,1364.4,1388.8,1413.3
1895.1,1243.4,1267.6,1291.6,1316.2,1341.2,1365.4,1389.7,1414.1
1905.5,1244.2,1268.4,1292.5,1317,1341.9,1366.3,1390.6,1415
1905.6,1244.2,1268.4,1292.5,1317,1341.9,1366.3,1390.6,1415.1
1909.8,1244.6,1268.7,1292.9,1317.4,1342.2,1366.6,1391,1415.5
1912.6,1244.8,1268.9,1293.1,1317.6,1342.4,1366.8,1391.2,1415.8
1918.3,1245.3,1269.4,1293.6,1318.1,1342.8,1367.2,1391.7,1416.5
1921,1245.5,1269.6,1293.8,1318.3,1343,1367.4,1392,1416.8
1922.9,1245.6,1269.7,1294,1318.5,1343.1,1367.5,1392.2,1417.1
1925.6,1245.8,1269.9,1294.2,1318.7,1343.3,1367.7,1392.4,1417.4
1936.6,1246.7,1270.7,1295.1,1319.5,1344.1,1368.5,1393.5,1418.7
1939.8,1246.9,1270.9,1295.3,1319.8,1344.3,1368.7,1393.7,1418.9
1942.5,1247.1,1271.1,1295.5,1320,1344.6,1368.9,1394,1419.2
1944.2,1247.2,1271.1,1295.6,1320.1,1344.7,1369.1,1394.2,1419.3
1947.7,1247.4,1271.3,1295.9,1320.3,1345,1369.3,1394.5,1419.6
1954.7,1247.8,1271.6,1296.4,1320.9,1345.7,1370,1395.1,1420.1
1956.8,1247.9,1271.7,1296.6,1321,1345.9,1370.2,1395.3,1420.2
1969.1,1248.5,1272.3,1297.4,1321.9,1347.3,1371.5,1396.4,1421.1
1972.5,1248.7,1272.5,1297.7,1322.2,1347.7,1371.9,1396.7,1421.3
1973.4,1248.7,1272.5,1297.7,1322.3,1347.7,1372,1396.8,1421.4
1974,1248.8,1272.6,1297.8,1322.3,1347.8,1372.1,1396.8,1421.4
1974.5,1248.8,1272.6,1297.8,1322.3,1347.9,1372.1,1396.9,1421.5
1980.8,1249.1,1273,1298.2,1322.8,1348.4,1372.7,1397.5,1422
1983,1249.2,1273.1,1298.3,1323,1348.6,1372.9,1397.7,1422.2
1993.7,1249.8,1274.1,1299,1323.9,1349.4,1373.6,1398.8,1423.3
1998,1250.1,1274.6,1299.3,1324.2,1349.7,1373.9,1399.3,1423.8
1999.9,1250.2,1274.7,1299.4,1324.4,1349.9,1374,1399.5,1423.9
2001.1,1250.3,1274.8,1299.4,1324.4,1350,1374,1399.6,1424.1
2003.1,1250.5,1275,1299.6,1324.6,1350.1,1374.2,1399.8,1424.3
2003.9,1250.6,1275.1,1299.6,1324.7,1350.2,1374.2,1399.9,1424.4
2009.5,1251,1275.4,1299.9,1325,1350.5,1374.6,1400.4,1424.9
2012.6,1251.3,1275.6,1300.1,1325.3,1350.7,1374.9,1400.7,1425.2
2028.3,1252.5,1276.5,1301.1,1326.4,1351.8,1376.3,1402,1426.5
2029.8,1252.6,1276.6,1301.2,1326.5,1352,1376.5,1402.1,1426.6
2033.6,1252.9,1276.8,1301.4,1326.7,1352.2,1376.9,1402.3,1427
2035.1,1253,1276.9,1301.5,1326.8,1352.3,1377,1402.4,1427.1
2035.4,1253,1277,1301.6,1326.8,1352.4,1377,1402.4,1427.1
2040.9,1253.3,1277.4,1302,1327.2,1352.8,1377.6,1402.7,1427.5
2050.3,1253.8,1278.1,1302.8,1327.8,1353.5,1378.4,1403.2,1428.3
2057.5,1254.2,1278.7,1303.4,1328.3,1354.1,1379.1,1403.6,1428.9
2059.9,1254.4,1278.8,1303.6,1328.5,1354.2,1379.3,1403.7,1429.1
2061.9,1254.5,1278.9,1303.8,1328.6,1354.3,1379.4,1403.8,1429.3
2064,1254.6,1279.1,1304,1328.8,1354.5,1379.6,1403.9,1429.4
2068.5,1254.8,1279.3,1304.4,1329.1,1354.7,1379.9,1404.1,1429.8
2072,1255.1,1279.5,1304.7,1329.3,1354.9,1380.2,1404.3,1430.1
2077.7,1255.4,1279.8,1305,1329.7,1355.2,1380.6,1404.7,1430.6
2081.1,1255.7,1280,1305.2,1330,1355.4,1380.9,1405,1430.9
2093.9,1256.6,1280.7,1305.7,1330.9,1356.2,1381.7,1406.1,1432
2096.1,1256.7,1280.9,1305.8,1331.1,1356.4,1381.8,1406.4,1432.2
2099.5,1256.9,1281.1,1305.9,1331.3,1356.8,1382,1406.7,1432.5
2101.2,1257,1281.2,1306,1331.5,1356.9,1382.1,1406.9,1432.7
2107.8,1257.5,1281.5,1306.5,1332,1357.7,1382.5,1407.7,1433.2
2108.6,1257.5,1281.6,1306.6,1332,1357.7,1382.6,1407.8,1433.3
2113.7,1257.8,1281.9,1307,1332.5,1358.1,1382.9,1408.4,1433.8
2119.5,1258.1,1282.3,1307.4,1332.9,1358.5,1383.3,1409,1434.2
2119.9,1258.1,1282.3,1307.5,1332.9,1358.5,1383.3,1409.1,1434.3
2123.9,1258.3,1282.6,1307.7,1333.2,1358.7,1383.5,1409.5,1434.6
2127.2,1258.4,1282.9,1307.8,1333.5,1358.9,1383.8,1409.8,1434.9
2143.1,1259.2,1283.9,1308.6,1334.7,1359.7,1384.9,1411,1436.1
2143.2,1259.2,1283.9,1308.6,1334.7,1359.7,1384.9,1411,1436.1
2145.7,1259.3,1284,1308.8,1334.9,1359.9,1385.1,1411.2,1436.3
2150.4,1259.6,1284.3,1309.3,1335.2,1360.2,1385.5,1411.5,1436.6
2151.5,1259.6,1284.4,1309.4,1335.3,1360.2,1385.6,1411.6,1436.7
2155.3,1259.9,1284.6,1309.9,1335.5,1360.5,1385.9,1411.8,1437
2157.9,1260,1284.7,1310.2,1335.7,1360.6,1386.1,1412,1437.2
2168.5,1260.7,1285.2,1311.2,1336.4,1361.4,1386.9,1412.7,1437.9
2183.3,1261.6,1285.9,1311.9,1337.3,1362.6,1388.1,1413.6,1438.8
2191.3,1262.1,1286.3,1312.1,1337.8,1363.4,1388.8,1414.1,1439.3
2198.7,1262.4,1286.6,1312.3,1338.2,1364.1,1389.4,1414.6,1439.8
2199.4,1262.3,1286.6,1312.3,1338.2,1364.1,1389.4,1414.7,1439.8
2199.8,1262.1,1286.6,1312.3,1338.3,1364.2,1389.5,1414.7,1439.8
2199.8,1262.1,1286.7,1312.3,1338.3,1364.2,1389.5,1414.7,1439.8
2200.5,1262,1286.7,1312.3,1338.3,1364.2,1389.5,1414.7,1439.9
2200.7,1262,1286.7,1312.3,1338.3,1364.2,1389.5,1414.7,1439.9
2200.8,1261.9,1286.7,1312.3,1338.3,1364.3,1389.5,1414.7,1439.9
2203.3,1262,1286.8,1312.3,1338.5,1364.5,1389.7,1414.9,1440
